INSERT INTO `mis`.`user` (`id`, `email`, `password`, `active`) VALUES ('1','doctor1.mis@gmail.com', '$2a$10$Tdiqs6vrnxqNFWS5/XpCS.k1khnT6wQFaNUO2BgWek1OHDDpfvDoW', '1');
INSERT INTO `mis`.`user` (`id`, `email`, `password`, `active`) VALUES ('2','doctor2.mis@gmail.com', '$2a$10$Tdiqs6vrnxqNFWS5/XpCS.k1khnT6wQFaNUO2BgWek1OHDDpfvDoW', '1');
INSERT INTO `mis`.`user` (`id`, `email`, `password`, `active`) VALUES ('3','doctor3.mis@gmail.com', '$2a$10$Tdiqs6vrnxqNFWS5/XpCS.k1khnT6wQFaNUO2BgWek1OHDDpfvDoW', '1');
INSERT INTO `mis`.`user` (`id`, `email`, `password`, `active`) VALUES ('4','doctor4.mis@gmail.com', '$2a$10$Tdiqs6vrnxqNFWS5/XpCS.k1khnT6wQFaNUO2BgWek1OHDDpfvDoW', '1');
INSERT INTO `mis`.`user` (`id`, `email`, `password`, `active`) VALUES ('5','doctor5.mis@gmail.com', '$2a$10$Tdiqs6vrnxqNFWS5/XpCS.k1khnT6wQFaNUO2BgWek1OHDDpfvDoW', '1');
INSERT INTO `mis`.`user` (`id`, `email`, `password`, `active`) VALUES ('6','doctor6.mis@gmail.com', '$2a$10$Tdiqs6vrnxqNFWS5/XpCS.k1khnT6wQFaNUO2BgWek1OHDDpfvDoW', '1');
INSERT INTO `mis`.`user` (`id`, `email`, `password`, `active`) VALUES ('7','doctor7.mis@gmail.com', '$2a$10$Tdiqs6vrnxqNFWS5/XpCS.k1khnT6wQFaNUO2BgWek1OHDDpfvDoW', '1');

INSERT INTO `mis`.`user` (`id`, `email`, `password`, `active`) VALUES ('8','assistant1.mis@gmail.com', '$2a$10$Tdiqs6vrnxqNFWS5/XpCS.k1khnT6wQFaNUO2BgWek1OHDDpfvDoW', '1');
INSERT INTO `mis`.`user` (`id`, `email`, `password`, `active`) VALUES ('9','assistant2.mis@gmail.com', '$2a$10$Tdiqs6vrnxqNFWS5/XpCS.k1khnT6wQFaNUO2BgWek1OHDDpfvDoW', '1');
INSERT INTO `mis`.`user` (`id`, `email`, `password`, `active`) VALUES ('10','assistant3.mis@gmail.com', '$2a$10$Tdiqs6vrnxqNFWS5/XpCS.k1khnT6wQFaNUO2BgWek1OHDDpfvDoW', '1');
INSERT INTO `mis`.`user` (`id`, `email`, `password`, `active`) VALUES ('11','assistant4.mis@gmail.com', '$2a$10$Tdiqs6vrnxqNFWS5/XpCS.k1khnT6wQFaNUO2BgWek1OHDDpfvDoW', '1');
INSERT INTO `mis`.`user` (`id`, `email`, `password`, `active`) VALUES ('12','assistant5.mis@gmail.com', '$2a$10$Tdiqs6vrnxqNFWS5/XpCS.k1khnT6wQFaNUO2BgWek1OHDDpfvDoW', '1');
INSERT INTO `mis`.`user` (`id`, `email`, `password`, `active`) VALUES ('13','assistant6.mis@gmail.com', '$2a$10$Tdiqs6vrnxqNFWS5/XpCS.k1khnT6wQFaNUO2BgWek1OHDDpfvDoW', '1');
INSERT INTO `mis`.`user` (`id`, `email`, `password`, `active`) VALUES ('14','assistant7.mis@gmail.com', '$2a$10$Tdiqs6vrnxqNFWS5/XpCS.k1khnT6wQFaNUO2BgWek1OHDDpfvDoW', '1');

INSERT INTO `mis`.`user` (`id`, `email`, `password`, `active`) VALUES ('15','functionaldoctor1.mis@gmail.com', '$2a$10$Tdiqs6vrnxqNFWS5/XpCS.k1khnT6wQFaNUO2BgWek1OHDDpfvDoW', '1');
INSERT INTO `mis`.`user` (`id`, `email`, `password`, `active`) VALUES ('16','functionaldoctor2.mis@gmail.com', '$2a$10$Tdiqs6vrnxqNFWS5/XpCS.k1khnT6wQFaNUO2BgWek1OHDDpfvDoW', '1');
INSERT INTO `mis`.`user` (`id`, `email`, `password`, `active`) VALUES ('17','functionaldoctor3.mis@gmail.com', '$2a$10$Tdiqs6vrnxqNFWS5/XpCS.k1khnT6wQFaNUO2BgWek1OHDDpfvDoW', '1');
INSERT INTO `mis`.`user` (`id`, `email`, `password`, `active`) VALUES ('18','functionaldoctor4.mis@gmail.com', '$2a$10$Tdiqs6vrnxqNFWS5/XpCS.k1khnT6wQFaNUO2BgWek1OHDDpfvDoW', '1');
INSERT INTO `mis`.`user` (`id`, `email`, `password`, `active`) VALUES ('19','functionaldoctor5.mis@gmail.com', '$2a$10$Tdiqs6vrnxqNFWS5/XpCS.k1khnT6wQFaNUO2BgWek1OHDDpfvDoW', '1');
INSERT INTO `mis`.`user` (`id`, `email`, `password`, `active`) VALUES ('20','functionaldoctor6.mis@gmail.com', '$2a$10$Tdiqs6vrnxqNFWS5/XpCS.k1khnT6wQFaNUO2BgWek1OHDDpfvDoW', '1');
INSERT INTO `mis`.`user` (`id`, `email`, `password`, `active`) VALUES ('21','functionaldoctor7.mis@gmail.com', '$2a$10$Tdiqs6vrnxqNFWS5/XpCS.k1khnT6wQFaNUO2BgWek1OHDDpfvDoW', '1');

INSERT INTO `mis`.`user` (`id`, `email`, `password`, `active`) VALUES ('22','krylov.em2002@gmail.com', '$2a$10$Tdiqs6vrnxqNFWS5/XpCS.k1khnT6wQFaNUO2BgWek1OHDDpfvDoW', '1');

/*
 Врачи роль
 */
INSERT INTO `mis`.`user_roles` (`user_id`, `role_id`) VALUES ('1', '7');
INSERT INTO `mis`.`user_roles` (`user_id`, `role_id`) VALUES ('2', '7');
INSERT INTO `mis`.`user_roles` (`user_id`, `role_id`) VALUES ('3', '7');
INSERT INTO `mis`.`user_roles` (`user_id`, `role_id`) VALUES ('4', '7');
INSERT INTO `mis`.`user_roles` (`user_id`, `role_id`) VALUES ('5', '7');
INSERT INTO `mis`.`user_roles` (`user_id`, `role_id`) VALUES ('6', '7');
INSERT INTO `mis`.`user_roles` (`user_id`, `role_id`) VALUES ('7', '7');
/*
 Лаборанты роль
 */
INSERT INTO `mis`.`user_roles` (`user_id`, `role_id`) VALUES ('8', '8');
INSERT INTO `mis`.`user_roles` (`user_id`, `role_id`) VALUES ('9', '8');
INSERT INTO `mis`.`user_roles` (`user_id`, `role_id`) VALUES ('10', '8');
INSERT INTO `mis`.`user_roles` (`user_id`, `role_id`) VALUES ('11', '8');
INSERT INTO `mis`.`user_roles` (`user_id`, `role_id`) VALUES ('12', '8');
INSERT INTO `mis`.`user_roles` (`user_id`, `role_id`) VALUES ('13', '8');
INSERT INTO `mis`.`user_roles` (`user_id`, `role_id`) VALUES ('14', '8');
/*
 Врачи функц диагностики роль
 */
INSERT INTO `mis`.`user_roles` (`user_id`, `role_id`) VALUES ('15', '9');
INSERT INTO `mis`.`user_roles` (`user_id`, `role_id`) VALUES ('16', '9');
INSERT INTO `mis`.`user_roles` (`user_id`, `role_id`) VALUES ('17', '9');
INSERT INTO `mis`.`user_roles` (`user_id`, `role_id`) VALUES ('18', '9');
INSERT INTO `mis`.`user_roles` (`user_id`, `role_id`) VALUES ('19', '9');
INSERT INTO `mis`.`user_roles` (`user_id`, `role_id`) VALUES ('20', '9');
INSERT INTO `mis`.`user_roles` (`user_id`, `role_id`) VALUES ('21', '9');
/*
 Тестовый пациент с множеством анализов обследований осмотров роль
 */
INSERT INTO `mis`.`user_roles` (`user_id`, `role_id`) VALUES ('22', '6');
/*
 Кабинеты врачей
 */
INSERT INTO `mis`.`doctor_cabinet` (`id`,`name`, `number`, `schedule`) VALUES ('1','Кабинет терапевта', '101', 'ПН-ПТ: 9:00 - 14:00');
INSERT INTO `mis`.`doctor_cabinet` (`id`,`name`, `number`, `schedule`) VALUES ('2','Кабинет терапевта', '102', 'ПН-ПТ: 9:00 - 14:00');
INSERT INTO `mis`.`doctor_cabinet` (`id`,`name`, `number`, `schedule`) VALUES ('3','Кабинет терапевта', '103', 'ПН-ПТ: 9:00 - 14:00');
INSERT INTO `mis`.`doctor_cabinet` (`id`,`name`, `number`, `schedule`) VALUES ('4','Кабинет терапевта', '104', 'ПН-ПТ: 9:00 - 14:00');
INSERT INTO `mis`.`doctor_cabinet` (`id`,`name`, `number`, `schedule`) VALUES ('5','Кабинет терапевта', '105', 'ПН-ПТ: 9:00 - 14:00');
INSERT INTO `mis`.`doctor_cabinet` (`id`,`name`, `number`, `schedule`) VALUES ('6','Кабинет терапевта', '106', 'ПН-ПТ: 9:00 - 14:00');
INSERT INTO `mis`.`doctor_cabinet` (`id`,`name`, `number`, `schedule`) VALUES ('7','Кабинет терапевта', '107', 'ПН-ПТ: 9:00 - 14:00');
/*
 Врачи
 */
INSERT INTO `mis`.`doctor` (`id`, `birth_date`, `category`, `degree`, `first_name`, `last_name`, `middle_name`, `speciality`, `user_id`, `cabinet_id`) VALUES ('1', '1972-02-04', 'Высшая', 'Кандидат наук', 'Артур', 'Савельев', 'Артурович', 'Терапевт', '1', '1');
INSERT INTO `mis`.`doctor` (`id`, `birth_date`, `category`, `degree`, `first_name`, `last_name`, `middle_name`, `speciality`, `user_id`, `cabinet_id`) VALUES ('2', '1973-02-04', 'Высшая', 'Кандидат наук', 'Генадий', 'Скворцов', 'Генадьевич', 'Терапевт', '2', '2');
INSERT INTO `mis`.`doctor` (`id`, `birth_date`, `category`, `degree`, `first_name`, `last_name`, `middle_name`, `speciality`, `user_id`, `cabinet_id`) VALUES ('3', '1974-02-04', 'Высшая', 'Кандидат наук', 'Артем', 'Толкачев', 'Артемович', 'Терапевт', '3', '3');
INSERT INTO `mis`.`doctor` (`id`, `birth_date`, `category`, `degree`, `first_name`, `last_name`, `middle_name`, `speciality`, `user_id`, `cabinet_id`) VALUES ('4', '1975-02-04', 'Высшая', 'Кандидат наук', 'Александр', 'Иванов', 'Александрович', 'Терапевт', '4', '4');
INSERT INTO `mis`.`doctor` (`id`, `birth_date`, `category`, `degree`, `first_name`, `last_name`, `middle_name`, `speciality`, `user_id`, `cabinet_id`) VALUES ('5', '1976-02-04', 'Высшая', 'Кандидат наук', 'Василий', 'Петров', 'Васильевич', 'Терапевт', '5', '5');
INSERT INTO `mis`.`doctor` (`id`, `birth_date`, `category`, `degree`, `first_name`, `last_name`, `middle_name`, `speciality`, `user_id`, `cabinet_id`) VALUES ('6', '1977-02-04', 'Высшая', 'Кандидат наук', 'Петр', 'Сидоров', 'Петрович', 'Терапевт', '6', '6');
INSERT INTO `mis`.`doctor` (`id`, `birth_date`, `category`, `degree`, `first_name`, `last_name`, `middle_name`, `speciality`, `user_id`, `cabinet_id`) VALUES ('7', '1978-02-04', 'Высшая', 'Кандидат наук', 'Виктор', 'Козлов', 'Викторович', 'Терапевт', '7', '7');
/*
 Кабинеты для анализов
 */

INSERT INTO `mis`.`analysis_cabinet` (`id`, `name`, `number`, `schedule`) VALUES ('1', 'Клинико-диагностическая лаборатория', '201', 'ПН-ПТ: 9:00 - 14:00');
INSERT INTO `mis`.`analysis_cabinet` (`id`, `name`, `number`, `schedule`) VALUES ('2', 'Клинико-диагностическая лаборатория', '202', 'ПН-ПТ: 9:00 - 14:00');
INSERT INTO `mis`.`analysis_cabinet` (`id`, `name`, `number`, `schedule`) VALUES ('3', 'Клинико-диагностическая лаборатория', '203', 'ПН-ПТ: 9:00 - 14:00');
INSERT INTO `mis`.`analysis_cabinet` (`id`, `name`, `number`, `schedule`) VALUES ('4', 'Клинико-диагностическая лаборатория', '204', 'ПН-ПТ: 9:00 - 14:00');
INSERT INTO `mis`.`analysis_cabinet` (`id`, `name`, `number`, `schedule`) VALUES ('5', 'Клинико-диагностическая лаборатория', '205', 'ПН-ПТ: 9:00 - 14:00');
INSERT INTO `mis`.`analysis_cabinet` (`id`, `name`, `number`, `schedule`) VALUES ('6', 'Клинико-диагностическая лаборатория', '206', 'ПН-ПТ: 9:00 - 14:00');
INSERT INTO `mis`.`analysis_cabinet` (`id`, `name`, `number`, `schedule`) VALUES ('7', 'Клинико-диагностическая лаборатория', '207', 'ПН-ПТ: 9:00 - 14:00');

/*
 Лаборанты
 */
INSERT INTO `mis`.`assistant` (`id`, `birth_date`, `first_name`, `last_name`, `middle_name`, `user_id`, `cabinet_id`) VALUES ('1', '1982-03-06', 'Артур', 'Савельев', 'Артурович', '8', '1');
INSERT INTO `mis`.`assistant` (`id`, `birth_date`, `first_name`, `last_name`, `middle_name`, `user_id`, `cabinet_id`) VALUES ('2', '1982-03-06', 'Генадий', 'Скворцов', 'Генадьевич', '9', '1');
INSERT INTO `mis`.`assistant` (`id`, `birth_date`, `first_name`, `last_name`, `middle_name`, `user_id`, `cabinet_id`) VALUES ('3', '1982-03-06', 'Артем', 'Толкачев', 'Артемович', '10', '1');
INSERT INTO `mis`.`assistant` (`id`, `birth_date`, `first_name`, `last_name`, `middle_name`, `user_id`, `cabinet_id`) VALUES ('4', '1982-03-06', 'Александр', 'Иванов', 'Александрович', '11', '1');
INSERT INTO `mis`.`assistant` (`id`, `birth_date`, `first_name`, `last_name`, `middle_name`, `user_id`, `cabinet_id`) VALUES ('5', '1982-03-06', 'Василий', 'Петров', 'Васильевич', '12', '1');
INSERT INTO `mis`.`assistant` (`id`, `birth_date`, `first_name`, `last_name`, `middle_name`, `user_id`, `cabinet_id`) VALUES ('6', '1982-03-06', 'Петр', 'Сидоров', 'Петрович', '13', '1');
INSERT INTO `mis`.`assistant` (`id`, `birth_date`, `first_name`, `last_name`, `middle_name`, `user_id`, `cabinet_id`) VALUES ('7', '1982-03-06', 'Виктор', 'Козлов', 'Викторович', '14', '1');
/*
 Кабинеты для обследований
 */
INSERT INTO `mis`.`examination_cabinet` (`id`, `name`, `number`, `schedule`) VALUES ('1', 'Эхокардиография', '301', 'ПН-ПТ: 9:00 - 14:00');

/*
 Врачи функциональной диагностики
 */
INSERT INTO `mis`.`functional_diagnostics_doctor` (`id`, `birth_date`, `first_name`, `last_name`, `middle_name`, `user_id`, `cabinet_id`) VALUES ('1', '1982-03-06', 'Артур', 'Савельев', 'Артурович', '15', '1');
/*
 Пациент
 */
INSERT INTO `mis`.`patient` (`id`, `birth_date`, `first_name`, `home_address`, `last_name`, `middle_name`, `poils_company`, `polis_id`, `snils_number`, `work_place`, `work_position`, `user_id`) VALUES ('1', '2002-04-12', 'Егор', 'Ул.Юбилейеая', 'Крылов', 'Михайлович', 'Компания1', '12351', '12461233', 'Альтенар', 'Программист', '22');

/*
 Время приема врачей
 */
INSERT INTO `mis`.`therapist_appointment_time` (`doctor_id`, `day_of_the_week`, `time`) VALUES ('1', 'Понедельник', '9:00');
INSERT INTO `mis`.`therapist_appointment_time` (`doctor_id`, `day_of_the_week`, `time`) VALUES ('1', 'Понедельник', '10:00');
INSERT INTO `mis`.`therapist_appointment_time` (`doctor_id`, `day_of_the_week`, `time`) VALUES ('1', 'Понедельник', '11:00');
INSERT INTO `mis`.`therapist_appointment_time` (`doctor_id`, `day_of_the_week`, `time`) VALUES ('1', 'Понедельник', '12:00');
INSERT INTO `mis`.`therapist_appointment_time` (`doctor_id`, `day_of_the_week`, `time`) VALUES ('1', 'Понедельник', '13:00');
INSERT INTO `mis`.`therapist_appointment_time` (`doctor_id`, `day_of_the_week`, `time`) VALUES ('1', 'Понедельник', '14:00');

INSERT INTO `mis`.`therapist_appointment_time` (`doctor_id`, `day_of_the_week`, `time`) VALUES ('1', 'Вторник', '9:00');
INSERT INTO `mis`.`therapist_appointment_time` (`doctor_id`, `day_of_the_week`, `time`) VALUES ('1', 'Вторник', '10:00');
INSERT INTO `mis`.`therapist_appointment_time` (`doctor_id`, `day_of_the_week`, `time`) VALUES ('1', 'Вторник', '11:00');
INSERT INTO `mis`.`therapist_appointment_time` (`doctor_id`, `day_of_the_week`, `time`) VALUES ('1', 'Вторник', '12:00');
INSERT INTO `mis`.`therapist_appointment_time` (`doctor_id`, `day_of_the_week`, `time`) VALUES ('1', 'Вторник', '13:00');
INSERT INTO `mis`.`therapist_appointment_time` (`doctor_id`, `day_of_the_week`, `time`) VALUES ('1', 'Вторник', '14:00');

INSERT INTO `mis`.`therapist_appointment_time` (`doctor_id`, `day_of_the_week`, `time`) VALUES ('1', 'Среда', '9:00');
INSERT INTO `mis`.`therapist_appointment_time` (`doctor_id`, `day_of_the_week`, `time`) VALUES ('1', 'Среда', '10:00');
INSERT INTO `mis`.`therapist_appointment_time` (`doctor_id`, `day_of_the_week`, `time`) VALUES ('1', 'Среда', '11:00');
INSERT INTO `mis`.`therapist_appointment_time` (`doctor_id`, `day_of_the_week`, `time`) VALUES ('1', 'Среда', '12:00');
INSERT INTO `mis`.`therapist_appointment_time` (`doctor_id`, `day_of_the_week`, `time`) VALUES ('1', 'Среда', '13:00');
INSERT INTO `mis`.`therapist_appointment_time` (`doctor_id`, `day_of_the_week`, `time`) VALUES ('1', 'Среда', '14:00');

INSERT INTO `mis`.`therapist_appointment_time` (`doctor_id`, `day_of_the_week`, `time`) VALUES ('1', 'Четверг', '9:00');
INSERT INTO `mis`.`therapist_appointment_time` (`doctor_id`, `day_of_the_week`, `time`) VALUES ('1', 'Четверг', '10:00');
INSERT INTO `mis`.`therapist_appointment_time` (`doctor_id`, `day_of_the_week`, `time`) VALUES ('1', 'Четверг', '11:00');
INSERT INTO `mis`.`therapist_appointment_time` (`doctor_id`, `day_of_the_week`, `time`) VALUES ('1', 'Четверг', '12:00');
INSERT INTO `mis`.`therapist_appointment_time` (`doctor_id`, `day_of_the_week`, `time`) VALUES ('1', 'Четверг', '13:00');
INSERT INTO `mis`.`therapist_appointment_time` (`doctor_id`, `day_of_the_week`, `time`) VALUES ('1', 'Четверг', '14:00');

INSERT INTO `mis`.`therapist_appointment_time` (`doctor_id`, `day_of_the_week`, `time`) VALUES ('1', 'Пятница', '9:00');
INSERT INTO `mis`.`therapist_appointment_time` (`doctor_id`, `day_of_the_week`, `time`) VALUES ('1', 'Пятница', '10:00');
INSERT INTO `mis`.`therapist_appointment_time` (`doctor_id`, `day_of_the_week`, `time`) VALUES ('1', 'Пятница', '11:00');
INSERT INTO `mis`.`therapist_appointment_time` (`doctor_id`, `day_of_the_week`, `time`) VALUES ('1', 'Пятница', '12:00');
INSERT INTO `mis`.`therapist_appointment_time` (`doctor_id`, `day_of_the_week`, `time`) VALUES ('1', 'Пятница', '13:00');
INSERT INTO `mis`.`therapist_appointment_time` (`doctor_id`, `day_of_the_week`, `time`) VALUES ('1', 'Пятница', '14:00');

INSERT INTO `mis`.`therapist_appointment_time` (`doctor_id`, `day_of_the_week`, `time`) VALUES ('1', 'Суббота', '9:00');
INSERT INTO `mis`.`therapist_appointment_time` (`doctor_id`, `day_of_the_week`, `time`) VALUES ('1', 'Суббота', '10:00');
INSERT INTO `mis`.`therapist_appointment_time` (`doctor_id`, `day_of_the_week`, `time`) VALUES ('1', 'Суббота', '11:00');
INSERT INTO `mis`.`therapist_appointment_time` (`doctor_id`, `day_of_the_week`, `time`) VALUES ('1', 'Суббота', '12:00');
INSERT INTO `mis`.`therapist_appointment_time` (`doctor_id`, `day_of_the_week`, `time`) VALUES ('1', 'Суббота', '13:00');
INSERT INTO `mis`.`therapist_appointment_time` (`doctor_id`, `day_of_the_week`, `time`) VALUES ('1', 'Суббота', '14:00');

INSERT INTO `mis`.`therapist_appointment_time` (`doctor_id`, `day_of_the_week`, `time`) VALUES ('1', 'Воскресенье', '9:00');
INSERT INTO `mis`.`therapist_appointment_time` (`doctor_id`, `day_of_the_week`, `time`) VALUES ('1', 'Воскресенье', '10:00');
INSERT INTO `mis`.`therapist_appointment_time` (`doctor_id`, `day_of_the_week`, `time`) VALUES ('1', 'Воскресенье', '11:00');
INSERT INTO `mis`.`therapist_appointment_time` (`doctor_id`, `day_of_the_week`, `time`) VALUES ('1', 'Воскресенье', '12:00');
INSERT INTO `mis`.`therapist_appointment_time` (`doctor_id`, `day_of_the_week`, `time`) VALUES ('1', 'Воскресенье', '13:00');
INSERT INTO `mis`.`therapist_appointment_time` (`doctor_id`, `day_of_the_week`, `time`) VALUES ('1', 'Воскресенье', '14:00');


INSERT INTO `mis`.`therapist_appointment_time` (`doctor_id`, `day_of_the_week`, `time`) VALUES ('2', 'Понедельник', '9:00');
INSERT INTO `mis`.`therapist_appointment_time` (`doctor_id`, `day_of_the_week`, `time`) VALUES ('2', 'Понедельник', '10:00');
INSERT INTO `mis`.`therapist_appointment_time` (`doctor_id`, `day_of_the_week`, `time`) VALUES ('2', 'Понедельник', '11:00');
INSERT INTO `mis`.`therapist_appointment_time` (`doctor_id`, `day_of_the_week`, `time`) VALUES ('2', 'Понедельник', '12:00');
INSERT INTO `mis`.`therapist_appointment_time` (`doctor_id`, `day_of_the_week`, `time`) VALUES ('2', 'Понедельник', '13:00');
INSERT INTO `mis`.`therapist_appointment_time` (`doctor_id`, `day_of_the_week`, `time`) VALUES ('2', 'Понедельник', '14:00');

INSERT INTO `mis`.`therapist_appointment_time` (`doctor_id`, `day_of_the_week`, `time`) VALUES ('2', 'Вторник', '9:00');
INSERT INTO `mis`.`therapist_appointment_time` (`doctor_id`, `day_of_the_week`, `time`) VALUES ('2', 'Вторник', '10:00');
INSERT INTO `mis`.`therapist_appointment_time` (`doctor_id`, `day_of_the_week`, `time`) VALUES ('2', 'Вторник', '11:00');
INSERT INTO `mis`.`therapist_appointment_time` (`doctor_id`, `day_of_the_week`, `time`) VALUES ('2', 'Вторник', '12:00');
INSERT INTO `mis`.`therapist_appointment_time` (`doctor_id`, `day_of_the_week`, `time`) VALUES ('2', 'Вторник', '13:00');
INSERT INTO `mis`.`therapist_appointment_time` (`doctor_id`, `day_of_the_week`, `time`) VALUES ('2', 'Вторник', '14:00');

INSERT INTO `mis`.`therapist_appointment_time` (`doctor_id`, `day_of_the_week`, `time`) VALUES ('2', 'Среда', '9:00');
INSERT INTO `mis`.`therapist_appointment_time` (`doctor_id`, `day_of_the_week`, `time`) VALUES ('2', 'Среда', '10:00');
INSERT INTO `mis`.`therapist_appointment_time` (`doctor_id`, `day_of_the_week`, `time`) VALUES ('2', 'Среда', '11:00');
INSERT INTO `mis`.`therapist_appointment_time` (`doctor_id`, `day_of_the_week`, `time`) VALUES ('2', 'Среда', '12:00');
INSERT INTO `mis`.`therapist_appointment_time` (`doctor_id`, `day_of_the_week`, `time`) VALUES ('2', 'Среда', '13:00');
INSERT INTO `mis`.`therapist_appointment_time` (`doctor_id`, `day_of_the_week`, `time`) VALUES ('2', 'Среда', '14:00');

INSERT INTO `mis`.`therapist_appointment_time` (`doctor_id`, `day_of_the_week`, `time`) VALUES ('2', 'Четверг', '9:00');
INSERT INTO `mis`.`therapist_appointment_time` (`doctor_id`, `day_of_the_week`, `time`) VALUES ('2', 'Четверг', '10:00');
INSERT INTO `mis`.`therapist_appointment_time` (`doctor_id`, `day_of_the_week`, `time`) VALUES ('2', 'Четверг', '11:00');
INSERT INTO `mis`.`therapist_appointment_time` (`doctor_id`, `day_of_the_week`, `time`) VALUES ('2', 'Четверг', '12:00');
INSERT INTO `mis`.`therapist_appointment_time` (`doctor_id`, `day_of_the_week`, `time`) VALUES ('2', 'Четверг', '13:00');
INSERT INTO `mis`.`therapist_appointment_time` (`doctor_id`, `day_of_the_week`, `time`) VALUES ('2', 'Четверг', '14:00');

INSERT INTO `mis`.`therapist_appointment_time` (`doctor_id`, `day_of_the_week`, `time`) VALUES ('2', 'Пятница', '9:00');
INSERT INTO `mis`.`therapist_appointment_time` (`doctor_id`, `day_of_the_week`, `time`) VALUES ('2', 'Пятница', '10:00');
INSERT INTO `mis`.`therapist_appointment_time` (`doctor_id`, `day_of_the_week`, `time`) VALUES ('2', 'Пятница', '11:00');
INSERT INTO `mis`.`therapist_appointment_time` (`doctor_id`, `day_of_the_week`, `time`) VALUES ('2', 'Пятница', '12:00');
INSERT INTO `mis`.`therapist_appointment_time` (`doctor_id`, `day_of_the_week`, `time`) VALUES ('2', 'Пятница', '13:00');
INSERT INTO `mis`.`therapist_appointment_time` (`doctor_id`, `day_of_the_week`, `time`) VALUES ('2', 'Пятница', '14:00');

INSERT INTO `mis`.`therapist_appointment_time` (`doctor_id`, `day_of_the_week`, `time`) VALUES ('2', 'Суббота', '9:00');
INSERT INTO `mis`.`therapist_appointment_time` (`doctor_id`, `day_of_the_week`, `time`) VALUES ('2', 'Суббота', '10:00');
INSERT INTO `mis`.`therapist_appointment_time` (`doctor_id`, `day_of_the_week`, `time`) VALUES ('2', 'Суббота', '11:00');
INSERT INTO `mis`.`therapist_appointment_time` (`doctor_id`, `day_of_the_week`, `time`) VALUES ('2', 'Суббота', '12:00');
INSERT INTO `mis`.`therapist_appointment_time` (`doctor_id`, `day_of_the_week`, `time`) VALUES ('2', 'Суббота', '13:00');
INSERT INTO `mis`.`therapist_appointment_time` (`doctor_id`, `day_of_the_week`, `time`) VALUES ('2', 'Суббота', '14:00');

INSERT INTO `mis`.`therapist_appointment_time` (`doctor_id`, `day_of_the_week`, `time`) VALUES ('2', 'Воскресенье', '9:00');
INSERT INTO `mis`.`therapist_appointment_time` (`doctor_id`, `day_of_the_week`, `time`) VALUES ('2', 'Воскресенье', '10:00');
INSERT INTO `mis`.`therapist_appointment_time` (`doctor_id`, `day_of_the_week`, `time`) VALUES ('2', 'Воскресенье', '11:00');
INSERT INTO `mis`.`therapist_appointment_time` (`doctor_id`, `day_of_the_week`, `time`) VALUES ('2', 'Воскресенье', '12:00');
INSERT INTO `mis`.`therapist_appointment_time` (`doctor_id`, `day_of_the_week`, `time`) VALUES ('2', 'Воскресенье', '13:00');
INSERT INTO `mis`.`therapist_appointment_time` (`doctor_id`, `day_of_the_week`, `time`) VALUES ('2', 'Воскресенье', '14:00');



INSERT INTO `mis`.`therapist_appointment_time` (`doctor_id`, `day_of_the_week`, `time`) VALUES ('3', 'Понедельник', '9:00');
INSERT INTO `mis`.`therapist_appointment_time` (`doctor_id`, `day_of_the_week`, `time`) VALUES ('3', 'Понедельник', '10:00');
INSERT INTO `mis`.`therapist_appointment_time` (`doctor_id`, `day_of_the_week`, `time`) VALUES ('3', 'Понедельник', '11:00');
INSERT INTO `mis`.`therapist_appointment_time` (`doctor_id`, `day_of_the_week`, `time`) VALUES ('3', 'Понедельник', '12:00');
INSERT INTO `mis`.`therapist_appointment_time` (`doctor_id`, `day_of_the_week`, `time`) VALUES ('3', 'Понедельник', '13:00');
INSERT INTO `mis`.`therapist_appointment_time` (`doctor_id`, `day_of_the_week`, `time`) VALUES ('3', 'Понедельник', '14:00');

INSERT INTO `mis`.`therapist_appointment_time` (`doctor_id`, `day_of_the_week`, `time`) VALUES ('3', 'Вторник', '9:00');
INSERT INTO `mis`.`therapist_appointment_time` (`doctor_id`, `day_of_the_week`, `time`) VALUES ('3', 'Вторник', '10:00');
INSERT INTO `mis`.`therapist_appointment_time` (`doctor_id`, `day_of_the_week`, `time`) VALUES ('3', 'Вторник', '11:00');
INSERT INTO `mis`.`therapist_appointment_time` (`doctor_id`, `day_of_the_week`, `time`) VALUES ('3', 'Вторник', '12:00');
INSERT INTO `mis`.`therapist_appointment_time` (`doctor_id`, `day_of_the_week`, `time`) VALUES ('3', 'Вторник', '13:00');
INSERT INTO `mis`.`therapist_appointment_time` (`doctor_id`, `day_of_the_week`, `time`) VALUES ('3', 'Вторник', '14:00');

INSERT INTO `mis`.`therapist_appointment_time` (`doctor_id`, `day_of_the_week`, `time`) VALUES ('3', 'Среда', '9:00');
INSERT INTO `mis`.`therapist_appointment_time` (`doctor_id`, `day_of_the_week`, `time`) VALUES ('3', 'Среда', '10:00');
INSERT INTO `mis`.`therapist_appointment_time` (`doctor_id`, `day_of_the_week`, `time`) VALUES ('3', 'Среда', '11:00');
INSERT INTO `mis`.`therapist_appointment_time` (`doctor_id`, `day_of_the_week`, `time`) VALUES ('3', 'Среда', '12:00');
INSERT INTO `mis`.`therapist_appointment_time` (`doctor_id`, `day_of_the_week`, `time`) VALUES ('3', 'Среда', '13:00');
INSERT INTO `mis`.`therapist_appointment_time` (`doctor_id`, `day_of_the_week`, `time`) VALUES ('3', 'Среда', '14:00');

INSERT INTO `mis`.`therapist_appointment_time` (`doctor_id`, `day_of_the_week`, `time`) VALUES ('3', 'Четверг', '9:00');
INSERT INTO `mis`.`therapist_appointment_time` (`doctor_id`, `day_of_the_week`, `time`) VALUES ('3', 'Четверг', '10:00');
INSERT INTO `mis`.`therapist_appointment_time` (`doctor_id`, `day_of_the_week`, `time`) VALUES ('3', 'Четверг', '11:00');
INSERT INTO `mis`.`therapist_appointment_time` (`doctor_id`, `day_of_the_week`, `time`) VALUES ('3', 'Четверг', '12:00');
INSERT INTO `mis`.`therapist_appointment_time` (`doctor_id`, `day_of_the_week`, `time`) VALUES ('3', 'Четверг', '13:00');
INSERT INTO `mis`.`therapist_appointment_time` (`doctor_id`, `day_of_the_week`, `time`) VALUES ('3', 'Четверг', '14:00');

INSERT INTO `mis`.`therapist_appointment_time` (`doctor_id`, `day_of_the_week`, `time`) VALUES ('3', 'Пятница', '9:00');
INSERT INTO `mis`.`therapist_appointment_time` (`doctor_id`, `day_of_the_week`, `time`) VALUES ('3', 'Пятница', '10:00');
INSERT INTO `mis`.`therapist_appointment_time` (`doctor_id`, `day_of_the_week`, `time`) VALUES ('3', 'Пятница', '11:00');
INSERT INTO `mis`.`therapist_appointment_time` (`doctor_id`, `day_of_the_week`, `time`) VALUES ('3', 'Пятница', '12:00');
INSERT INTO `mis`.`therapist_appointment_time` (`doctor_id`, `day_of_the_week`, `time`) VALUES ('3', 'Пятница', '13:00');
INSERT INTO `mis`.`therapist_appointment_time` (`doctor_id`, `day_of_the_week`, `time`) VALUES ('3', 'Пятница', '14:00');

INSERT INTO `mis`.`therapist_appointment_time` (`doctor_id`, `day_of_the_week`, `time`) VALUES ('3', 'Суббота', '9:00');
INSERT INTO `mis`.`therapist_appointment_time` (`doctor_id`, `day_of_the_week`, `time`) VALUES ('3', 'Суббота', '10:00');
INSERT INTO `mis`.`therapist_appointment_time` (`doctor_id`, `day_of_the_week`, `time`) VALUES ('3', 'Суббота', '11:00');
INSERT INTO `mis`.`therapist_appointment_time` (`doctor_id`, `day_of_the_week`, `time`) VALUES ('3', 'Суббота', '12:00');
INSERT INTO `mis`.`therapist_appointment_time` (`doctor_id`, `day_of_the_week`, `time`) VALUES ('3', 'Суббота', '13:00');
INSERT INTO `mis`.`therapist_appointment_time` (`doctor_id`, `day_of_the_week`, `time`) VALUES ('3', 'Суббота', '14:00');

INSERT INTO `mis`.`therapist_appointment_time` (`doctor_id`, `day_of_the_week`, `time`) VALUES ('3', 'Воскресенье', '9:00');
INSERT INTO `mis`.`therapist_appointment_time` (`doctor_id`, `day_of_the_week`, `time`) VALUES ('3', 'Воскресенье', '10:00');
INSERT INTO `mis`.`therapist_appointment_time` (`doctor_id`, `day_of_the_week`, `time`) VALUES ('3', 'Воскресенье', '11:00');
INSERT INTO `mis`.`therapist_appointment_time` (`doctor_id`, `day_of_the_week`, `time`) VALUES ('3', 'Воскресенье', '12:00');
INSERT INTO `mis`.`therapist_appointment_time` (`doctor_id`, `day_of_the_week`, `time`) VALUES ('3', 'Воскресенье', '13:00');
INSERT INTO `mis`.`therapist_appointment_time` (`doctor_id`, `day_of_the_week`, `time`) VALUES ('3', 'Воскресенье', '14:00');



INSERT INTO `mis`.`therapist_appointment_time` (`doctor_id`, `day_of_the_week`, `time`) VALUES ('4', 'Понедельник', '9:00');
INSERT INTO `mis`.`therapist_appointment_time` (`doctor_id`, `day_of_the_week`, `time`) VALUES ('4', 'Понедельник', '10:00');
INSERT INTO `mis`.`therapist_appointment_time` (`doctor_id`, `day_of_the_week`, `time`) VALUES ('4', 'Понедельник', '11:00');
INSERT INTO `mis`.`therapist_appointment_time` (`doctor_id`, `day_of_the_week`, `time`) VALUES ('4', 'Понедельник', '12:00');
INSERT INTO `mis`.`therapist_appointment_time` (`doctor_id`, `day_of_the_week`, `time`) VALUES ('4', 'Понедельник', '13:00');
INSERT INTO `mis`.`therapist_appointment_time` (`doctor_id`, `day_of_the_week`, `time`) VALUES ('4', 'Понедельник', '14:00');

INSERT INTO `mis`.`therapist_appointment_time` (`doctor_id`, `day_of_the_week`, `time`) VALUES ('4', 'Вторник', '9:00');
INSERT INTO `mis`.`therapist_appointment_time` (`doctor_id`, `day_of_the_week`, `time`) VALUES ('4', 'Вторник', '10:00');
INSERT INTO `mis`.`therapist_appointment_time` (`doctor_id`, `day_of_the_week`, `time`) VALUES ('4', 'Вторник', '11:00');
INSERT INTO `mis`.`therapist_appointment_time` (`doctor_id`, `day_of_the_week`, `time`) VALUES ('4', 'Вторник', '12:00');
INSERT INTO `mis`.`therapist_appointment_time` (`doctor_id`, `day_of_the_week`, `time`) VALUES ('4', 'Вторник', '13:00');
INSERT INTO `mis`.`therapist_appointment_time` (`doctor_id`, `day_of_the_week`, `time`) VALUES ('4', 'Вторник', '14:00');

INSERT INTO `mis`.`therapist_appointment_time` (`doctor_id`, `day_of_the_week`, `time`) VALUES ('4', 'Среда', '9:00');
INSERT INTO `mis`.`therapist_appointment_time` (`doctor_id`, `day_of_the_week`, `time`) VALUES ('4', 'Среда', '10:00');
INSERT INTO `mis`.`therapist_appointment_time` (`doctor_id`, `day_of_the_week`, `time`) VALUES ('4', 'Среда', '11:00');
INSERT INTO `mis`.`therapist_appointment_time` (`doctor_id`, `day_of_the_week`, `time`) VALUES ('4', 'Среда', '12:00');
INSERT INTO `mis`.`therapist_appointment_time` (`doctor_id`, `day_of_the_week`, `time`) VALUES ('4', 'Среда', '13:00');
INSERT INTO `mis`.`therapist_appointment_time` (`doctor_id`, `day_of_the_week`, `time`) VALUES ('4', 'Среда', '14:00');

INSERT INTO `mis`.`therapist_appointment_time` (`doctor_id`, `day_of_the_week`, `time`) VALUES ('4', 'Четверг', '9:00');
INSERT INTO `mis`.`therapist_appointment_time` (`doctor_id`, `day_of_the_week`, `time`) VALUES ('4', 'Четверг', '10:00');
INSERT INTO `mis`.`therapist_appointment_time` (`doctor_id`, `day_of_the_week`, `time`) VALUES ('4', 'Четверг', '11:00');
INSERT INTO `mis`.`therapist_appointment_time` (`doctor_id`, `day_of_the_week`, `time`) VALUES ('4', 'Четверг', '12:00');
INSERT INTO `mis`.`therapist_appointment_time` (`doctor_id`, `day_of_the_week`, `time`) VALUES ('4', 'Четверг', '13:00');
INSERT INTO `mis`.`therapist_appointment_time` (`doctor_id`, `day_of_the_week`, `time`) VALUES ('4', 'Четверг', '14:00');

INSERT INTO `mis`.`therapist_appointment_time` (`doctor_id`, `day_of_the_week`, `time`) VALUES ('4', 'Пятница', '9:00');
INSERT INTO `mis`.`therapist_appointment_time` (`doctor_id`, `day_of_the_week`, `time`) VALUES ('4', 'Пятница', '10:00');
INSERT INTO `mis`.`therapist_appointment_time` (`doctor_id`, `day_of_the_week`, `time`) VALUES ('4', 'Пятница', '11:00');
INSERT INTO `mis`.`therapist_appointment_time` (`doctor_id`, `day_of_the_week`, `time`) VALUES ('4', 'Пятница', '12:00');
INSERT INTO `mis`.`therapist_appointment_time` (`doctor_id`, `day_of_the_week`, `time`) VALUES ('4', 'Пятница', '13:00');
INSERT INTO `mis`.`therapist_appointment_time` (`doctor_id`, `day_of_the_week`, `time`) VALUES ('4', 'Пятница', '14:00');

INSERT INTO `mis`.`therapist_appointment_time` (`doctor_id`, `day_of_the_week`, `time`) VALUES ('4', 'Суббота', '9:00');
INSERT INTO `mis`.`therapist_appointment_time` (`doctor_id`, `day_of_the_week`, `time`) VALUES ('4', 'Суббота', '10:00');
INSERT INTO `mis`.`therapist_appointment_time` (`doctor_id`, `day_of_the_week`, `time`) VALUES ('4', 'Суббота', '11:00');
INSERT INTO `mis`.`therapist_appointment_time` (`doctor_id`, `day_of_the_week`, `time`) VALUES ('4', 'Суббота', '12:00');
INSERT INTO `mis`.`therapist_appointment_time` (`doctor_id`, `day_of_the_week`, `time`) VALUES ('4', 'Суббота', '13:00');
INSERT INTO `mis`.`therapist_appointment_time` (`doctor_id`, `day_of_the_week`, `time`) VALUES ('4', 'Суббота', '14:00');

INSERT INTO `mis`.`therapist_appointment_time` (`doctor_id`, `day_of_the_week`, `time`) VALUES ('4', 'Воскресенье', '9:00');
INSERT INTO `mis`.`therapist_appointment_time` (`doctor_id`, `day_of_the_week`, `time`) VALUES ('4', 'Воскресенье', '10:00');
INSERT INTO `mis`.`therapist_appointment_time` (`doctor_id`, `day_of_the_week`, `time`) VALUES ('4', 'Воскресенье', '11:00');
INSERT INTO `mis`.`therapist_appointment_time` (`doctor_id`, `day_of_the_week`, `time`) VALUES ('4', 'Воскресенье', '12:00');
INSERT INTO `mis`.`therapist_appointment_time` (`doctor_id`, `day_of_the_week`, `time`) VALUES ('4', 'Воскресенье', '13:00');
INSERT INTO `mis`.`therapist_appointment_time` (`doctor_id`, `day_of_the_week`, `time`) VALUES ('4', 'Воскресенье', '14:00');



INSERT INTO `mis`.`therapist_appointment_time` (`doctor_id`, `day_of_the_week`, `time`) VALUES ('5', 'Понедельник', '9:00');
INSERT INTO `mis`.`therapist_appointment_time` (`doctor_id`, `day_of_the_week`, `time`) VALUES ('5', 'Понедельник', '10:00');
INSERT INTO `mis`.`therapist_appointment_time` (`doctor_id`, `day_of_the_week`, `time`) VALUES ('5', 'Понедельник', '11:00');
INSERT INTO `mis`.`therapist_appointment_time` (`doctor_id`, `day_of_the_week`, `time`) VALUES ('5', 'Понедельник', '12:00');
INSERT INTO `mis`.`therapist_appointment_time` (`doctor_id`, `day_of_the_week`, `time`) VALUES ('5', 'Понедельник', '13:00');
INSERT INTO `mis`.`therapist_appointment_time` (`doctor_id`, `day_of_the_week`, `time`) VALUES ('5', 'Понедельник', '14:00');

INSERT INTO `mis`.`therapist_appointment_time` (`doctor_id`, `day_of_the_week`, `time`) VALUES ('5', 'Вторник', '9:00');
INSERT INTO `mis`.`therapist_appointment_time` (`doctor_id`, `day_of_the_week`, `time`) VALUES ('5', 'Вторник', '10:00');
INSERT INTO `mis`.`therapist_appointment_time` (`doctor_id`, `day_of_the_week`, `time`) VALUES ('5', 'Вторник', '11:00');
INSERT INTO `mis`.`therapist_appointment_time` (`doctor_id`, `day_of_the_week`, `time`) VALUES ('5', 'Вторник', '12:00');
INSERT INTO `mis`.`therapist_appointment_time` (`doctor_id`, `day_of_the_week`, `time`) VALUES ('5', 'Вторник', '13:00');
INSERT INTO `mis`.`therapist_appointment_time` (`doctor_id`, `day_of_the_week`, `time`) VALUES ('5', 'Вторник', '14:00');

INSERT INTO `mis`.`therapist_appointment_time` (`doctor_id`, `day_of_the_week`, `time`) VALUES ('5', 'Среда', '9:00');
INSERT INTO `mis`.`therapist_appointment_time` (`doctor_id`, `day_of_the_week`, `time`) VALUES ('5', 'Среда', '10:00');
INSERT INTO `mis`.`therapist_appointment_time` (`doctor_id`, `day_of_the_week`, `time`) VALUES ('5', 'Среда', '11:00');
INSERT INTO `mis`.`therapist_appointment_time` (`doctor_id`, `day_of_the_week`, `time`) VALUES ('5', 'Среда', '12:00');
INSERT INTO `mis`.`therapist_appointment_time` (`doctor_id`, `day_of_the_week`, `time`) VALUES ('5', 'Среда', '13:00');
INSERT INTO `mis`.`therapist_appointment_time` (`doctor_id`, `day_of_the_week`, `time`) VALUES ('5', 'Среда', '14:00');

INSERT INTO `mis`.`therapist_appointment_time` (`doctor_id`, `day_of_the_week`, `time`) VALUES ('5', 'Четверг', '9:00');
INSERT INTO `mis`.`therapist_appointment_time` (`doctor_id`, `day_of_the_week`, `time`) VALUES ('5', 'Четверг', '10:00');
INSERT INTO `mis`.`therapist_appointment_time` (`doctor_id`, `day_of_the_week`, `time`) VALUES ('5', 'Четверг', '11:00');
INSERT INTO `mis`.`therapist_appointment_time` (`doctor_id`, `day_of_the_week`, `time`) VALUES ('5', 'Четверг', '12:00');
INSERT INTO `mis`.`therapist_appointment_time` (`doctor_id`, `day_of_the_week`, `time`) VALUES ('5', 'Четверг', '13:00');
INSERT INTO `mis`.`therapist_appointment_time` (`doctor_id`, `day_of_the_week`, `time`) VALUES ('5', 'Четверг', '14:00');

INSERT INTO `mis`.`therapist_appointment_time` (`doctor_id`, `day_of_the_week`, `time`) VALUES ('5', 'Пятница', '9:00');
INSERT INTO `mis`.`therapist_appointment_time` (`doctor_id`, `day_of_the_week`, `time`) VALUES ('5', 'Пятница', '10:00');
INSERT INTO `mis`.`therapist_appointment_time` (`doctor_id`, `day_of_the_week`, `time`) VALUES ('5', 'Пятница', '11:00');
INSERT INTO `mis`.`therapist_appointment_time` (`doctor_id`, `day_of_the_week`, `time`) VALUES ('5', 'Пятница', '12:00');
INSERT INTO `mis`.`therapist_appointment_time` (`doctor_id`, `day_of_the_week`, `time`) VALUES ('5', 'Пятница', '13:00');
INSERT INTO `mis`.`therapist_appointment_time` (`doctor_id`, `day_of_the_week`, `time`) VALUES ('5', 'Пятница', '14:00');

INSERT INTO `mis`.`therapist_appointment_time` (`doctor_id`, `day_of_the_week`, `time`) VALUES ('5', 'Суббота', '9:00');
INSERT INTO `mis`.`therapist_appointment_time` (`doctor_id`, `day_of_the_week`, `time`) VALUES ('5', 'Суббота', '10:00');
INSERT INTO `mis`.`therapist_appointment_time` (`doctor_id`, `day_of_the_week`, `time`) VALUES ('5', 'Суббота', '11:00');
INSERT INTO `mis`.`therapist_appointment_time` (`doctor_id`, `day_of_the_week`, `time`) VALUES ('5', 'Суббота', '12:00');
INSERT INTO `mis`.`therapist_appointment_time` (`doctor_id`, `day_of_the_week`, `time`) VALUES ('5', 'Суббота', '13:00');
INSERT INTO `mis`.`therapist_appointment_time` (`doctor_id`, `day_of_the_week`, `time`) VALUES ('5', 'Суббота', '14:00');

INSERT INTO `mis`.`therapist_appointment_time` (`doctor_id`, `day_of_the_week`, `time`) VALUES ('5', 'Воскресенье', '9:00');
INSERT INTO `mis`.`therapist_appointment_time` (`doctor_id`, `day_of_the_week`, `time`) VALUES ('5', 'Воскресенье', '10:00');
INSERT INTO `mis`.`therapist_appointment_time` (`doctor_id`, `day_of_the_week`, `time`) VALUES ('5', 'Воскресенье', '11:00');
INSERT INTO `mis`.`therapist_appointment_time` (`doctor_id`, `day_of_the_week`, `time`) VALUES ('5', 'Воскресенье', '12:00');
INSERT INTO `mis`.`therapist_appointment_time` (`doctor_id`, `day_of_the_week`, `time`) VALUES ('5', 'Воскресенье', '13:00');
INSERT INTO `mis`.`therapist_appointment_time` (`doctor_id`, `day_of_the_week`, `time`) VALUES ('5', 'Воскресенье', '14:00');



INSERT INTO `mis`.`therapist_appointment_time` (`doctor_id`, `day_of_the_week`, `time`) VALUES ('6', 'Понедельник', '9:00');
INSERT INTO `mis`.`therapist_appointment_time` (`doctor_id`, `day_of_the_week`, `time`) VALUES ('6', 'Понедельник', '10:00');
INSERT INTO `mis`.`therapist_appointment_time` (`doctor_id`, `day_of_the_week`, `time`) VALUES ('6', 'Понедельник', '11:00');
INSERT INTO `mis`.`therapist_appointment_time` (`doctor_id`, `day_of_the_week`, `time`) VALUES ('6', 'Понедельник', '12:00');
INSERT INTO `mis`.`therapist_appointment_time` (`doctor_id`, `day_of_the_week`, `time`) VALUES ('6', 'Понедельник', '13:00');
INSERT INTO `mis`.`therapist_appointment_time` (`doctor_id`, `day_of_the_week`, `time`) VALUES ('6', 'Понедельник', '14:00');

INSERT INTO `mis`.`therapist_appointment_time` (`doctor_id`, `day_of_the_week`, `time`) VALUES ('6', 'Вторник', '9:00');
INSERT INTO `mis`.`therapist_appointment_time` (`doctor_id`, `day_of_the_week`, `time`) VALUES ('6', 'Вторник', '10:00');
INSERT INTO `mis`.`therapist_appointment_time` (`doctor_id`, `day_of_the_week`, `time`) VALUES ('6', 'Вторник', '11:00');
INSERT INTO `mis`.`therapist_appointment_time` (`doctor_id`, `day_of_the_week`, `time`) VALUES ('6', 'Вторник', '12:00');
INSERT INTO `mis`.`therapist_appointment_time` (`doctor_id`, `day_of_the_week`, `time`) VALUES ('6', 'Вторник', '13:00');
INSERT INTO `mis`.`therapist_appointment_time` (`doctor_id`, `day_of_the_week`, `time`) VALUES ('6', 'Вторник', '14:00');

INSERT INTO `mis`.`therapist_appointment_time` (`doctor_id`, `day_of_the_week`, `time`) VALUES ('6', 'Среда', '9:00');
INSERT INTO `mis`.`therapist_appointment_time` (`doctor_id`, `day_of_the_week`, `time`) VALUES ('6', 'Среда', '10:00');
INSERT INTO `mis`.`therapist_appointment_time` (`doctor_id`, `day_of_the_week`, `time`) VALUES ('6', 'Среда', '11:00');
INSERT INTO `mis`.`therapist_appointment_time` (`doctor_id`, `day_of_the_week`, `time`) VALUES ('6', 'Среда', '12:00');
INSERT INTO `mis`.`therapist_appointment_time` (`doctor_id`, `day_of_the_week`, `time`) VALUES ('6', 'Среда', '13:00');
INSERT INTO `mis`.`therapist_appointment_time` (`doctor_id`, `day_of_the_week`, `time`) VALUES ('6', 'Среда', '14:00');

INSERT INTO `mis`.`therapist_appointment_time` (`doctor_id`, `day_of_the_week`, `time`) VALUES ('6', 'Четверг', '9:00');
INSERT INTO `mis`.`therapist_appointment_time` (`doctor_id`, `day_of_the_week`, `time`) VALUES ('6', 'Четверг', '10:00');
INSERT INTO `mis`.`therapist_appointment_time` (`doctor_id`, `day_of_the_week`, `time`) VALUES ('6', 'Четверг', '11:00');
INSERT INTO `mis`.`therapist_appointment_time` (`doctor_id`, `day_of_the_week`, `time`) VALUES ('6', 'Четверг', '12:00');
INSERT INTO `mis`.`therapist_appointment_time` (`doctor_id`, `day_of_the_week`, `time`) VALUES ('6', 'Четверг', '13:00');
INSERT INTO `mis`.`therapist_appointment_time` (`doctor_id`, `day_of_the_week`, `time`) VALUES ('6', 'Четверг', '14:00');

INSERT INTO `mis`.`therapist_appointment_time` (`doctor_id`, `day_of_the_week`, `time`) VALUES ('6', 'Пятница', '9:00');
INSERT INTO `mis`.`therapist_appointment_time` (`doctor_id`, `day_of_the_week`, `time`) VALUES ('6', 'Пятница', '10:00');
INSERT INTO `mis`.`therapist_appointment_time` (`doctor_id`, `day_of_the_week`, `time`) VALUES ('6', 'Пятница', '11:00');
INSERT INTO `mis`.`therapist_appointment_time` (`doctor_id`, `day_of_the_week`, `time`) VALUES ('6', 'Пятница', '12:00');
INSERT INTO `mis`.`therapist_appointment_time` (`doctor_id`, `day_of_the_week`, `time`) VALUES ('6', 'Пятница', '13:00');
INSERT INTO `mis`.`therapist_appointment_time` (`doctor_id`, `day_of_the_week`, `time`) VALUES ('6', 'Пятница', '14:00');

INSERT INTO `mis`.`therapist_appointment_time` (`doctor_id`, `day_of_the_week`, `time`) VALUES ('6', 'Суббота', '9:00');
INSERT INTO `mis`.`therapist_appointment_time` (`doctor_id`, `day_of_the_week`, `time`) VALUES ('6', 'Суббота', '10:00');
INSERT INTO `mis`.`therapist_appointment_time` (`doctor_id`, `day_of_the_week`, `time`) VALUES ('6', 'Суббота', '11:00');
INSERT INTO `mis`.`therapist_appointment_time` (`doctor_id`, `day_of_the_week`, `time`) VALUES ('6', 'Суббота', '12:00');
INSERT INTO `mis`.`therapist_appointment_time` (`doctor_id`, `day_of_the_week`, `time`) VALUES ('6', 'Суббота', '13:00');
INSERT INTO `mis`.`therapist_appointment_time` (`doctor_id`, `day_of_the_week`, `time`) VALUES ('6', 'Суббота', '14:00');

INSERT INTO `mis`.`therapist_appointment_time` (`doctor_id`, `day_of_the_week`, `time`) VALUES ('6', 'Воскресенье', '9:00');
INSERT INTO `mis`.`therapist_appointment_time` (`doctor_id`, `day_of_the_week`, `time`) VALUES ('6', 'Воскресенье', '10:00');
INSERT INTO `mis`.`therapist_appointment_time` (`doctor_id`, `day_of_the_week`, `time`) VALUES ('6', 'Воскресенье', '11:00');
INSERT INTO `mis`.`therapist_appointment_time` (`doctor_id`, `day_of_the_week`, `time`) VALUES ('6', 'Воскресенье', '12:00');
INSERT INTO `mis`.`therapist_appointment_time` (`doctor_id`, `day_of_the_week`, `time`) VALUES ('6', 'Воскресенье', '13:00');
INSERT INTO `mis`.`therapist_appointment_time` (`doctor_id`, `day_of_the_week`, `time`) VALUES ('6', 'Воскресенье', '14:00');


INSERT INTO `mis`.`therapist_appointment_time` (`doctor_id`, `day_of_the_week`, `time`) VALUES ('7', 'Понедельник', '9:00');
INSERT INTO `mis`.`therapist_appointment_time` (`doctor_id`, `day_of_the_week`, `time`) VALUES ('7', 'Понедельник', '10:00');
INSERT INTO `mis`.`therapist_appointment_time` (`doctor_id`, `day_of_the_week`, `time`) VALUES ('7', 'Понедельник', '11:00');
INSERT INTO `mis`.`therapist_appointment_time` (`doctor_id`, `day_of_the_week`, `time`) VALUES ('7', 'Понедельник', '12:00');
INSERT INTO `mis`.`therapist_appointment_time` (`doctor_id`, `day_of_the_week`, `time`) VALUES ('7', 'Понедельник', '13:00');
INSERT INTO `mis`.`therapist_appointment_time` (`doctor_id`, `day_of_the_week`, `time`) VALUES ('7', 'Понедельник', '14:00');

INSERT INTO `mis`.`therapist_appointment_time` (`doctor_id`, `day_of_the_week`, `time`) VALUES ('7', 'Вторник', '9:00');
INSERT INTO `mis`.`therapist_appointment_time` (`doctor_id`, `day_of_the_week`, `time`) VALUES ('7', 'Вторник', '10:00');
INSERT INTO `mis`.`therapist_appointment_time` (`doctor_id`, `day_of_the_week`, `time`) VALUES ('7', 'Вторник', '11:00');
INSERT INTO `mis`.`therapist_appointment_time` (`doctor_id`, `day_of_the_week`, `time`) VALUES ('7', 'Вторник', '12:00');
INSERT INTO `mis`.`therapist_appointment_time` (`doctor_id`, `day_of_the_week`, `time`) VALUES ('7', 'Вторник', '13:00');
INSERT INTO `mis`.`therapist_appointment_time` (`doctor_id`, `day_of_the_week`, `time`) VALUES ('7', 'Вторник', '14:00');

INSERT INTO `mis`.`therapist_appointment_time` (`doctor_id`, `day_of_the_week`, `time`) VALUES ('7', 'Среда', '9:00');
INSERT INTO `mis`.`therapist_appointment_time` (`doctor_id`, `day_of_the_week`, `time`) VALUES ('7', 'Среда', '10:00');
INSERT INTO `mis`.`therapist_appointment_time` (`doctor_id`, `day_of_the_week`, `time`) VALUES ('7', 'Среда', '11:00');
INSERT INTO `mis`.`therapist_appointment_time` (`doctor_id`, `day_of_the_week`, `time`) VALUES ('7', 'Среда', '12:00');
INSERT INTO `mis`.`therapist_appointment_time` (`doctor_id`, `day_of_the_week`, `time`) VALUES ('7', 'Среда', '13:00');
INSERT INTO `mis`.`therapist_appointment_time` (`doctor_id`, `day_of_the_week`, `time`) VALUES ('7', 'Среда', '14:00');

INSERT INTO `mis`.`therapist_appointment_time` (`doctor_id`, `day_of_the_week`, `time`) VALUES ('7', 'Четверг', '9:00');
INSERT INTO `mis`.`therapist_appointment_time` (`doctor_id`, `day_of_the_week`, `time`) VALUES ('7', 'Четверг', '10:00');
INSERT INTO `mis`.`therapist_appointment_time` (`doctor_id`, `day_of_the_week`, `time`) VALUES ('7', 'Четверг', '11:00');
INSERT INTO `mis`.`therapist_appointment_time` (`doctor_id`, `day_of_the_week`, `time`) VALUES ('7', 'Четверг', '12:00');
INSERT INTO `mis`.`therapist_appointment_time` (`doctor_id`, `day_of_the_week`, `time`) VALUES ('7', 'Четверг', '13:00');
INSERT INTO `mis`.`therapist_appointment_time` (`doctor_id`, `day_of_the_week`, `time`) VALUES ('7', 'Четверг', '14:00');

INSERT INTO `mis`.`therapist_appointment_time` (`doctor_id`, `day_of_the_week`, `time`) VALUES ('7', 'Пятница', '9:00');
INSERT INTO `mis`.`therapist_appointment_time` (`doctor_id`, `day_of_the_week`, `time`) VALUES ('7', 'Пятница', '10:00');
INSERT INTO `mis`.`therapist_appointment_time` (`doctor_id`, `day_of_the_week`, `time`) VALUES ('7', 'Пятница', '11:00');
INSERT INTO `mis`.`therapist_appointment_time` (`doctor_id`, `day_of_the_week`, `time`) VALUES ('7', 'Пятница', '12:00');
INSERT INTO `mis`.`therapist_appointment_time` (`doctor_id`, `day_of_the_week`, `time`) VALUES ('7', 'Пятница', '13:00');
INSERT INTO `mis`.`therapist_appointment_time` (`doctor_id`, `day_of_the_week`, `time`) VALUES ('7', 'Пятница', '14:00');

INSERT INTO `mis`.`therapist_appointment_time` (`doctor_id`, `day_of_the_week`, `time`) VALUES ('7', 'Суббота', '9:00');
INSERT INTO `mis`.`therapist_appointment_time` (`doctor_id`, `day_of_the_week`, `time`) VALUES ('7', 'Суббота', '10:00');
INSERT INTO `mis`.`therapist_appointment_time` (`doctor_id`, `day_of_the_week`, `time`) VALUES ('7', 'Суббота', '11:00');
INSERT INTO `mis`.`therapist_appointment_time` (`doctor_id`, `day_of_the_week`, `time`) VALUES ('7', 'Суббота', '12:00');
INSERT INTO `mis`.`therapist_appointment_time` (`doctor_id`, `day_of_the_week`, `time`) VALUES ('7', 'Суббота', '13:00');
INSERT INTO `mis`.`therapist_appointment_time` (`doctor_id`, `day_of_the_week`, `time`) VALUES ('7', 'Суббота', '14:00');

INSERT INTO `mis`.`therapist_appointment_time` (`doctor_id`, `day_of_the_week`, `time`) VALUES ('7', 'Воскресенье', '9:00');
INSERT INTO `mis`.`therapist_appointment_time` (`doctor_id`, `day_of_the_week`, `time`) VALUES ('7', 'Воскресенье', '10:00');
INSERT INTO `mis`.`therapist_appointment_time` (`doctor_id`, `day_of_the_week`, `time`) VALUES ('7', 'Воскресенье', '11:00');
INSERT INTO `mis`.`therapist_appointment_time` (`doctor_id`, `day_of_the_week`, `time`) VALUES ('7', 'Воскресенье', '12:00');
INSERT INTO `mis`.`therapist_appointment_time` (`doctor_id`, `day_of_the_week`, `time`) VALUES ('7', 'Воскресенье', '13:00');
INSERT INTO `mis`.`therapist_appointment_time` (`doctor_id`, `day_of_the_week`, `time`) VALUES ('7', 'Воскресенье', '14:00');

/*
 Записи на прием
 */
INSERT INTO `mis`.`doctor_appointment` (`id`, `doctor_id`, `patient_id`, `status`, `date`, `time`) VALUES ('1', '1', '1', 'Создана', '2023-06-01', '12:00:00');
/*
 Направления на обследование
 */
INSERT INTO `mis`.`examination_referral` (`id`, `status`, `what_to_research`, `diagnosis_id`, `doctor_id`, `patient_id`, `cabinet_id`, `date_of_issue`, `date`, `time`) VALUES ('1', 'Выписано', 'ЦНС', 'A00.1', '1', '1', '1', '2023-05-28 21:41:50', '2023-05-31', '12:10:00');
/*
 Направления на анализ
 */
INSERT INTO `mis`.`analysis_referral` (`id`, `status`, `what_to_research`, `diagnosis_id`, `doctor_id`, `patient_id`, `cabinet_id`, `date_of_issue`) VALUES ('1', 'Выписано', 'Кровь на сахар', 'A00.9', '1', '1', '1', '2023-05-27 23:05:35');
